,Location,Frequency
0,proximal,0.4857142857142857
1,distal,0.5142857142857142
