,Size,Distal,Proximal
0,Small,0.6756756756756757,0.32432432432432434
1,Medium,0.30434782608695654,0.6956521739130435
2,Large,0.4,0.6
